R16,"{'toilet': [0.0, 0.0, 0.0, 0.0, 0.0, 0.0, 0.0, 0.0, 8.037599886447147, 17.33271032116923, 2.545058938130976, 0.0, 0.0, 0.0, 0.0, 0.0, 2.781212882535224, 11.752113420486507, 3.413688348692567, 0.0, 0.0, 0.0, 0.0, 2.4319771287514276], 'tap': [0.6361940464912695, 0.5124611540035213, 1.4053563662298976, 0.0, 0.0, 0.0, 1.1581516031175338, 3.101465673367125, 5.91569042231118, 4.925807408237905, 2.6309148077461333, 2.4017222443773854, 2.1843779021811263, 1.2486209470695595, 3.505544294590759, 1.2704777767551294, 1.1394616204431882, 2.084656705869811, 4.1529179901275075, 6.331998223405615, 2.7551700541397612, 1.5474324334147342, 1.2623491837029892, 1.8899177383354535], 'bath': [0.0, 0.0, 0.0, 0.0, 0.0, 0.0, 0.0, 0.0, 0.0, 0.0, 0.0, 0.0, 0.0, 0.0, 0.0, 0.0, 0.0, 0.0, 0.0, 0.0, 0.0, 0.0, 0.0, 0.0], 'shower': [0.0, 0.0, 0.0, 0.0, 0.0, 0.0, 0.0, 0.0, 0.0, 0.0, 0.0, 0.0, 0.0, 0.0, 0.0, 0.0, 0.0, 0.0, 0.0, 0.0, 0.0, 0.0, 0.0, 0.0], 'actors': 2.0, 'washing_machine': [0.0, 0.0, 0.0, 0.0, 0.0, 0.0, 0.0, 0.0, 0.0, 0.0, 190.0, 0.0, 0.0, 0.0, 0.0, 0.0, 0.0, 0.0, 0.0, 0.0, 0.0, 0.0, 0.0, 0.0], 'dish_washer': [0.0, 0.0, 0.0, 0.0, 0.0, 0.0, 0.0, 0.0, 0.0, 0.0, 0.0, 0.0, 0.0, 0.0, 0.0, 0.0, 0.0, 0.0, 0.0, 0.0, 0.0, 0.0, 0.0, 0.0]}"
R17,"{'toilet': [4.257434159981002, 0.0, 0.0, 0.0, 0.0, 0.0, 0.0, 6.450140838037092, 0.0, 3.65329618008965, 2.3900433796490477, 11.411495136445035, 0.0, 0.0, 0.0, 10.507403846220662, 0.0, 0.0, 0.0, 0.0, 7.896357741890492, 0.0, 3.7869955651405274, 6.305339948117901], 'tap': [1.977973351802072, 0.0, 0.6252528981178662, 0.0, 0.0, 0.0, 3.571869244889935, 1.8681011143116613, 5.217956949715115, 6.968079913231222, 2.0476832354345866, 3.984907312270563, 5.196665240223076, 3.1495044410662185, 3.661354640744899, 0.9949559107265992, 2.4827267485232056, 2.004022108840234, 6.3277016596823845, 4.6899274766493795, 3.8529875598209986, 1.4711258481980694, 4.547962491034012, 2.5859671112991562], 'bath': [0.0, 0.0, 0.0, 0.0, 0.0, 0.0, 0.0, 0.0, 0.0, 0.0, 0.0, 0.0, 0.0, 0.0, 0.0, 0.0, 0.0, 0.0, 0.0, 0.0, 0.0, 0.0, 0.0, 0.0], 'shower': [0.0, 0.0, 0.0, 0.0, 0.0, 0.0, 0.0, 0.0, 0.0, 0.0, 0.0, 0.0, 0.0, 0.0, 0.0, 0.0, 0.0, 0.0, 44.83466171624971, 0.0, 35.03349832125556, 0.0, 0.0, 0.0], 'actors': 3.0, 'washing_machine': [0.0, 0.0, 0.0, 0.0, 0.0, 0.0, 0.0, 0.0, 0.0, 0.0, 0.0, 0.0, 0.0, 0.0, 0.0, 0.0, 0.0, 0.0, 0.0, 0.0, 0.0, 0.0, 0.0, 0.0], 'dish_washer': [0.0, 0.0, 0.0, 0.0, 0.0, 0.0, 0.0, 0.0, 0.0, 0.0, 0.0, 0.0, 0.0, 0.0, 0.0, 0.0, 0.0, 0.0, 0.0, 27.0, 0.0, 0.0, 0.0, 0.0]}"
R14,"{'toilet': [0.0, 0.0, 0.0, 0.0, 0.0, 0.0, 0.0, 0.0, 4.047526843182463, 0.0, 2.0223479876720885, 2.313309595539871, 0.0, 0.0, 0.0, 0.0, 0.0, 4.411434946297665, 0.0, 0.0, 0.0, 0.0, 0.0, 0.0], 'tap': [0.0, 0.0, 0.0, 0.0, 0.0, 0.0, 0.0, 0.0, 2.4344429250917523, 12.407641274765954, 1.6214224909178352, 1.5321139153011116, 0.0, 0.7508540862499007, 5.856554680271732, 0.0, 0.0, 3.273705353518824, 1.196299371014526, 0.0, 0.0, 4.392483312951111, 0.65458949632417, 0.0], 'bath': [0.0, 0.0, 0.0, 0.0, 0.0, 0.0, 0.0, 0.0, 0.0, 0.0, 0.0, 0.0, 0.0, 0.0, 0.0, 0.0, 0.0, 0.0, 0.0, 0.0, 0.0, 0.0, 0.0, 0.0], 'shower': [35.695366454104125, 0.0, 0.0, 0.0, 0.0, 0.0, 0.0, 0.0, 0.0, 50.114713422401415, 0.0, 0.0, 0.0, 0.0, 0.0, 0.0, 0.0, 0.0, 0.0, 0.0, 0.0, 0.0, 0.0, 0.0], 'actors': 1.0, 'washing_machine': [0.0, 0.0, 0.0, 0.0, 0.0, 0.0, 0.0, 0.0, 0.0, 0.0, 0.0, 0.0, 0.0, 0.0, 0.0, 0.0, 0.0, 0.0, 0.0, 0.0, 0.0, 0.0, 0.0, 0.0], 'dish_washer': [0.0, 0.0, 0.0, 0.0, 0.0, 0.0, 0.0, 0.0, 0.0, 0.0, 0.0, 0.0, 0.0, 0.0, 0.0, 0.0, 0.0, 0.0, 0.0, 0.0, 0.0, 0.0, 0.0, 0.0]}"
R15,"{'toilet': [0.0, 0.0, 0.0, 0.0, 0.0, 0.0, 0.0, 0.0, 0.0, 2.85458927341575, 0.0, 0.0, 0.0, 0.0, 0.0, 0.0, 0.0, 0.0, 0.0, 0.0, 0.0, 0.0, 0.0, 0.0], 'tap': [0.0, 1.1741216422504577, 0.9158324761775465, 0.0, 0.0, 0.45563154939273753, 0.0, 0.0, 2.6990023872419373, 4.655418173109224, 4.034800755794823, 2.112292672239779, 1.8130638286455825, 1.1214005892554888, 0.2904098363386131, 0.0, 0.9916615354048871, 0.2241247384314175, 1.7145680821479239, 2.176009316259616, 4.079822506863599, 2.1243994261920234, 1.300333438402427, 0.8593305978398906], 'bath': [0.0, 0.0, 0.0, 0.0, 0.0, 0.0, 0.0, 0.0, 0.0, 0.0, 0.0, 0.0, 0.0, 0.0, 0.0, 0.0, 0.0, 0.0, 0.0, 0.0, 0.0, 0.0, 0.0, 0.0], 'shower': [0.0, 0.0, 0.0, 0.0, 0.0, 0.0, 0.0, 0.0, 0.0, 0.0, 0.0, 0.0, 0.0, 0.0, 0.0, 0.0, 0.0, 0.0, 0.0, 0.0, 0.0, 0.0, 0.0, 59.145440665214025], 'actors': 1.0, 'washing_machine': [0.0, 0.0, 0.0, 0.0, 0.0, 0.0, 0.0, 0.0, 0.0, 0.0, 0.0, 0.0, 0.0, 0.0, 0.0, 0.0, 0.0, 0.0, 0.0, 0.0, 0.0, 0.0, 0.0, 0.0], 'dish_washer': [0.0, 0.0, 0.0, 0.0, 0.0, 0.0, 0.0, 0.0, 0.0, 0.0, 0.0, 0.0, 0.0, 0.0, 0.0, 0.0, 0.0, 0.0, 0.0, 0.0, 0.0, 0.0, 0.0, 0.0]}"
R12,"{'toilet': [0.0, 0.0, 0.0, 0.0, 0.0, 0.0, 0.0, 0.0, 0.0, 11.032550618221888, 0.0, 0.0, 0.0, 0.0, 0.0, 0.0, 0.0, 0.0, 7.048129733458772, 0.0, 2.303979415969571, 0.0, 0.0, 0.0], 'tap': [0.0, 0.0, 0.0, 0.0, 0.0, 0.0, 0.22694004259132453, 0.0, 0.7635654097373765, 3.798008564320236, 2.0724901952604804, 2.3782105386003853, 0.2409057329243366, 0.0, 0.0, 2.7340944217315726, 0.0, 2.1499705999925514, 3.553428962471819, 6.6506939779291665, 0.9060828782665785, 2.316211335908127, 0.1950413213563914, 4.598978878946832], 'bath': [0.0, 0.0, 0.0, 0.0, 0.0, 0.0, 0.0, 0.0, 0.0, 0.0, 0.0, 0.0, 0.0, 0.0, 0.0, 0.0, 0.0, 0.0, 0.0, 0.0, 0.0, 0.0, 0.0, 0.0], 'shower': [0.0, 0.0, 0.0, 0.0, 0.0, 0.0, 0.0, 0.0, 0.0, 0.0, 44.59438809461953, 0.0, 0.0, 0.0, 0.0, 0.0, 0.0, 0.0, 0.0, 0.0, 0.0, 0.0, 0.0, 0.0], 'actors': 1.0, 'washing_machine': [0.0, 0.0, 0.0, 0.0, 0.0, 0.0, 0.0, 0.0, 0.0, 0.0, 0.0, 0.0, 0.0, 0.0, 0.0, 0.0, 0.0, 0.0, 0.0, 0.0, 0.0, 0.0, 0.0, 0.0], 'dish_washer': [0.0, 0.0, 0.0, 0.0, 0.0, 0.0, 0.0, 0.0, 0.0, 0.0, 0.0, 0.0, 0.0, 0.0, 0.0, 0.0, 0.0, 0.0, 0.0, 0.0, 0.0, 0.0, 0.0, 0.0]}"
R13,"{'toilet': [18.686790856367157, 0.0, 0.0, 0.0, 5.355185936862407, 0.0, 0.0, 0.0, 0.0, 0.0, 11.734772151298785, 10.264657477904816, 0.0, 5.2889855248380995, 0.0, 19.28066238649982, 0.0, 6.621199767234439, 0.0, 0.0, 0.0, 4.515978926331266, 0.0, 2.7359914934988008], 'tap': [2.00556246310529, 1.6732043903357874, 0.7660697684840578, 0.1251094287873854, 0.6125328768339685, 0.174570719463105, 1.8313332926719557, 4.434449313385693, 6.986639791090418, 8.324885147965444, 7.6283355178953265, 6.088559519469044, 5.062137326622663, 3.751713230254289, 4.627926683519967, 3.5491552935483552, 3.529000405695716, 4.971577143125629, 6.510345089826314, 5.717871774592417, 6.164668834266633, 5.108309469346054, 4.196013014945364, 4.649506805428916], 'bath': [0.0, 0.0, 0.0, 0.0, 0.0, 0.0, 0.0, 0.0, 0.0, 0.0, 0.0, 0.0, 0.0, 0.0, 0.0, 0.0, 0.0, 0.0, 0.0, 0.0, 0.0, 0.0, 0.0, 0.0], 'shower': [0.0, 0.0, 0.0, 0.0, 0.0, 0.0, 0.0, 0.0, 0.0, 56.72848364095877, 0.0, 0.0, 43.070746914992405, 0.0, 12.385812181002017, 0.0, 0.0, 0.0, 0.0, 0.0, 75.3177567310554, 0.0, 0.0, 0.0], 'actors': 6.0, 'washing_machine': [0.0, 0.0, 0.0, 0.0, 0.0, 0.0, 0.0, 0.0, 0.0, 0.0, 0.0, 0.0, 290.0, 0.0, 0.0, 0.0, 0.0, 0.0, 0.0, 0.0, 0.0, 0.0, 0.0, 0.0], 'dish_washer': [0.0, 0.0, 0.0, 0.0, 0.0, 0.0, 0.0, 0.0, 0.0, 12.0, 0.0, 0.0, 0.0, 0.0, 0.0, 0.0, 0.0, 0.0, 0.0, 0.0, 0.0, 0.0, 0.0, 0.0]}"
R10,"{'toilet': [0.0, 0.0, 0.0, 0.0, 0.0, 0.0, 0.0, 0.0, 0.0, 8.582353981799429, 22.161818335011866, 2.2719849247597117, 0.0, 0.0, 12.806845738175113, 0.0, 0.0, 0.0, 7.4847235328946855, 4.3591448589360065, 0.0, 0.0, 0.0, 0.0], 'tap': [1.5028775291853553, 0.5197378680952395, 0.2578286586535633, 1.0188753796222203, 0.7074031190349211, 0.0, 2.4618233954377, 2.5200522007205612, 4.832388837944585, 5.467296274280596, 7.6924434157139885, 3.347650090637875, 5.48000977401094, 2.613544651209609, 0.3129933010217621, 2.158737432307159, 2.3350043585592912, 3.683357263858092, 3.873918793721799, 8.494007393991483, 1.0562260672971013, 5.044237008749115, 0.7335569987138835, 1.4844161217918146], 'bath': [0.0, 0.0, 0.0, 0.0, 0.0, 0.0, 0.0, 0.0, 0.0, 0.0, 0.0, 0.0, 0.0, 0.0, 0.0, 0.0, 0.0, 0.0, 0.0, 0.0, 0.0, 0.0, 0.0, 0.0], 'shower': [0.0, 0.0, 0.0, 0.0, 0.0, 0.0, 0.0, 0.0, 37.373881103452355, 0.0, 34.462787923748685, 0.0, 0.0, 0.0, 0.0, 0.0, 0.0, 0.0, 0.0, 0.0, 0.0, 0.0, 0.0, 0.0], 'actors': 3.0, 'washing_machine': [0.0, 0.0, 0.0, 0.0, 0.0, 0.0, 0.0, 0.0, 0.0, 0.0, 0.0, 0.0, 0.0, 0.0, 0.0, 0.0, 0.0, 0.0, 90.0, 0.0, 0.0, 0.0, 0.0, 0.0], 'dish_washer': [0.0, 0.0, 0.0, 0.0, 0.0, 0.0, 0.0, 0.0, 0.0, 0.0, 0.0, 0.0, 0.0, 0.0, 0.0, 0.0, 0.0, 0.0, 0.0, 0.0, 0.0, 0.0, 0.0, 0.0]}"
R11,"{'toilet': [5.08851118742367, 0.0, 0.0, 0.0, 0.0, 0.0, 0.0, 0.0, 0.0, 8.276625959422226, 0.0, 0.0, 0.0, 3.0334914656653216, 0.0, 0.0, 0.0, 6.692999684972513, 0.0, 0.0, 0.0, 0.0, 0.0, 5.22318140703036], 'tap': [0.5610506478908005, 0.0, 0.0, 0.0, 1.252588446598525, 0.3314255712076318, 0.5500213654052346, 1.7469978833901183, 1.6359086063464052, 5.532097375354871, 4.687895170750298, 3.1094725427150767, 2.9398169069956115, 0.9700021238067904, 0.9596173111475025, 4.586743031717896, 3.008078702458677, 1.6191322588985317, 2.5707461261416227, 6.004303333109894, 2.737088229073783, 3.256562025778432, 2.0581575915412906, 1.6659181479319245], 'bath': [0.0, 0.0, 0.0, 0.0, 0.0, 0.0, 0.0, 0.0, 0.0, 0.0, 0.0, 0.0, 0.0, 0.0, 0.0, 0.0, 0.0, 0.0, 0.0, 0.0, 0.0, 0.0, 0.0, 0.0], 'shower': [0.0, 0.0, 0.0, 0.0, 0.0, 0.0, 0.0, 0.0, 0.0, 0.0, 42.815864192869086, 0.0, 0.0, 0.0, 0.0, 0.0, 0.0, 0.0, 0.0, 16.918511368054084, 0.0, 0.0, 0.0, 0.0], 'actors': 2.0, 'washing_machine': [0.0, 0.0, 0.0, 0.0, 0.0, 0.0, 0.0, 0.0, 0.0, 0.0, 0.0, 0.0, 0.0, 0.0, 0.0, 0.0, 0.0, 0.0, 0.0, 0.0, 0.0, 0.0, 0.0, 0.0], 'dish_washer': [0.0, 0.0, 0.0, 0.0, 0.0, 0.0, 0.0, 0.0, 0.0, 0.0, 0.0, 0.0, 0.0, 0.0, 0.0, 0.0, 0.0, 0.0, 0.0, 0.0, 0.0, 0.0, 0.0, 0.0]}"
R18,"{'toilet': [0.0, 0.0, 0.0, 0.0, 0.0, 0.0, 0.0, 0.0, 0.0, 0.0, 0.0, 0.0, 7.754754735154024, 0.0, 0.0, 0.0, 7.156824104892735, 0.0, 0.0, 0.0, 13.433048057036608, 0.0, 10.644911057416332, 7.321799313044567], 'tap': [0.0, 0.0, 0.0, 0.0, 0.0, 0.0, 0.0, 1.0313893188554886, 0.0, 8.406538659965367, 2.9727453862659012, 1.7343482422706842, 3.555939132863551, 0.0, 0.0, 0.0, 2.035713927121667, 0.0, 9.088722693182014, 2.0708953460233372, 0.5042363579937618, 0.0, 1.8416269985332592, 1.755532940051323], 'bath': [0.0, 0.0, 0.0, 0.0, 0.0, 0.0, 0.0, 0.0, 0.0, 0.0, 0.0, 0.0, 0.0, 0.0, 0.0, 0.0, 0.0, 0.0, 0.0, 0.0, 0.0, 0.0, 0.0, 0.0], 'shower': [0.0, 0.0, 0.0, 0.0, 0.0, 0.0, 0.0, 0.0, 0.0, 0.0, 0.0, 0.0, 0.0, 0.0, 0.0, 0.0, 0.0, 0.0, 43.766295087230915, 0.0, 0.0, 0.0, 0.0, 0.0], 'actors': 1.0, 'washing_machine': [0.0, 0.0, 0.0, 0.0, 0.0, 0.0, 0.0, 0.0, 0.0, 0.0, 0.0, 0.0, 0.0, 0.0, 0.0, 0.0, 0.0, 0.0, 0.0, 0.0, 0.0, 0.0, 0.0, 0.0], 'dish_washer': [0.0, 0.0, 0.0, 0.0, 0.0, 0.0, 0.0, 0.0, 0.0, 0.0, 0.0, 0.0, 0.0, 0.0, 0.0, 0.0, 0.0, 0.0, 0.0, 0.0, 0.0, 0.0, 0.0, 0.0]}"
R19,"{'toilet': [0.0, 0.0, 0.0, 0.0, 0.0, 0.0, 0.0, 0.0, 0.0, 15.145009162749426, 0.0, 0.0, 0.0, 0.0, 4.103916651913778, 0.0, 0.0, 0.0, 0.0, 0.0, 0.0, 0.0, 0.0, 6.3351645190040715], 'tap': [0.0, 0.0, 0.0, 0.0, 0.0, 0.2607771938873688, 1.0588524668873314, 2.0343023363438437, 2.013403492045949, 5.852685442363711, 2.45168250333579, 8.398448030229664, 1.622279510463426, 4.406342891787779, 0.0, 0.0, 0.0, 0.0, 0.0, 1.4115445256218353, 0.16267487488060814, 2.5257659102747336, 0.0, 0.0], 'bath': [0.0, 0.0, 0.0, 0.0, 0.0, 0.0, 0.0, 0.0, 0.0, 0.0, 0.0, 0.0, 0.0, 0.0, 0.0, 0.0, 0.0, 0.0, 0.0, 0.0, 0.0, 0.0, 0.0, 0.0], 'shower': [0.0, 0.0, 0.0, 0.0, 0.0, 0.0, 0.0, 0.0, 0.0, 0.0, 0.0, 0.0, 0.0, 0.0, 0.0, 0.0, 16.993244444199195, 0.0, 0.0, 0.0, 0.0, 0.0, 0.0, 0.0], 'actors': 1.0, 'washing_machine': [0.0, 0.0, 0.0, 0.0, 0.0, 0.0, 0.0, 0.0, 0.0, 0.0, 0.0, 0.0, 0.0, 0.0, 0.0, 0.0, 0.0, 0.0, 0.0, 0.0, 0.0, 0.0, 0.0, 0.0], 'dish_washer': [0.0, 0.0, 0.0, 0.0, 0.0, 0.0, 0.0, 0.0, 0.0, 0.0, 0.0, 0.0, 0.0, 0.0, 0.0, 0.0, 0.0, 0.0, 0.0, 0.0, 0.0, 0.0, 0.0, 0.0]}"
R38,"{'toilet': [0.0, 0.0, 0.0, 0.0, 0.0, 0.0, 0.0, 6.027753464028885, 0.0, 0.0, 0.0, 5.800409335343438, 6.725338950283341, 0.0, 6.308501275651691, 0.0, 0.0, 0.0, 0.0, 0.0, 0.0, 0.0, 0.0, 0.0], 'tap': [0.9857574448025976, 0.5111347543387381, 0.12577127813170458, 0.0, 0.0, 0.14708000866277043, 2.485074713837063, 1.7752187415208225, 4.292760115001152, 3.4867345619398415, 5.107405303454094, 5.547377711774591, 2.664361129770696, 2.26193619294752, 1.9556593527350392, 1.5589071697190051, 0.8054497779860492, 3.0607687689772063, 3.546825059295999, 2.8142247426418368, 3.312067338276831, 1.9457033954573473, 1.5513494192359853, 1.9357642825373738], 'bath': [0.0, 0.0, 0.0, 0.0, 0.0, 0.0, 0.0, 0.0, 0.0, 0.0, 0.0, 0.0, 0.0, 0.0, 0.0, 0.0, 0.0, 0.0, 0.0, 0.0, 0.0, 0.0, 0.0, 0.0], 'shower': [0.0, 0.0, 0.0, 0.0, 0.0, 0.0, 0.0, 0.0, 0.0, 0.0, 55.18610834615076, 81.23281623435803, 0.0, 0.0, 0.0, 0.0, 0.0, 0.0, 0.0, 0.0, 0.0, 0.0, 0.0, 0.0], 'actors': 2.0, 'washing_machine': [0.0, 0.0, 0.0, 0.0, 0.0, 0.0, 0.0, 0.0, 0.0, 0.0, 0.0, 290.0, 0.0, 0.0, 0.0, 0.0, 0.0, 0.0, 0.0, 0.0, 0.0, 0.0, 0.0, 0.0], 'dish_washer': [0.0, 0.0, 0.0, 0.0, 0.0, 0.0, 0.0, 0.0, 0.0, 0.0, 0.0, 0.0, 0.0, 0.0, 0.0, 0.0, 0.0, 0.0, 0.0, 0.0, 0.0, 0.0, 0.0, 0.0]}"
R39,"{'toilet': [0.0, 0.0, 0.0, 4.695858840530693, 0.0, 0.0, 0.0, 5.741042947046713, 4.550588505525076, 9.151417143312187, 13.500830312237749, 0.0, 8.033740554897447, 3.772612178121766, 8.054483818896696, 0.0, 0.0, 0.0, 2.5082295307108096, 0.0, 0.0, 7.361003160546256, 0.0, 0.0], 'tap': [0.8372310659371027, 0.1573579867121525, 0.937776559348414, 0.05954050026462067, 0.0, 0.31467991223699354, 1.9571434739805036, 2.5236375408265173, 3.4495145347000706, 8.119657958271675, 6.66718403206272, 3.262155030299198, 3.902111816071817, 4.490915175038796, 2.4321275364603485, 2.8400054467906326, 3.848362965733837, 2.0358372709872516, 4.395492163209042, 5.541058785445727, 1.6529235355168923, 3.725147679836126, 2.3555604745375742, 1.968594235132947], 'bath': [0.0, 0.0, 0.0, 0.0, 0.0, 0.0, 0.0, 0.0, 0.0, 0.0, 0.0, 0.0, 0.0, 0.0, 0.0, 0.0, 0.0, 0.0, 0.0, 0.0, 0.0, 0.0, 0.0, 0.0], 'shower': [0.0, 0.0, 0.0, 0.0, 0.0, 0.0, 0.0, 0.0, 0.0, 0.0, 0.0, 0.0, 0.0, 0.0, 0.0, 0.0, 0.0, 0.0, 45.97595758910801, 0.0, 74.45395103565208, 0.0, 0.0, 0.0], 'actors': 3.0, 'washing_machine': [0.0, 0.0, 0.0, 0.0, 0.0, 0.0, 0.0, 0.0, 0.0, 0.0, 190.0, 0.0, 0.0, 0.0, 0.0, 0.0, 0.0, 0.0, 0.0, 0.0, 0.0, 0.0, 0.0, 0.0], 'dish_washer': [0.0, 0.0, 0.0, 0.0, 0.0, 0.0, 0.0, 0.0, 0.0, 0.0, 15.0, 0.0, 0.0, 0.0, 0.0, 0.0, 0.0, 0.0, 0.0, 0.0, 0.0, 0.0, 0.0, 0.0]}"
R34,"{'toilet': [0.0, 11.237169531008197, 0.0, 0.0, 0.0, 0.0, 0.0, 0.0, 0.0, 13.999193544389442, 3.0812768145530263, 8.703981435805934, 0.0, 14.442025005116992, 0.0, 0.0, 0.0, 8.698889512721637, 14.503274290365065, 5.876908675069465, 0.0, 9.288544727298786, 16.494758216853615, 0.0], 'tap': [0.0, 0.0, 0.0, 0.0, 0.0, 0.0, 0.0, 0.0, 14.816927435564441, 3.9458996795729644, 11.656895011204293, 11.521194009684125, 6.40347512112057, 3.3482027195366575, 6.055387052533634, 3.541562632117021, 3.0961664262632924, 3.7441369111627014, 3.131713094795635, 5.58144534753171, 0.0, 2.240620072344233, 0.44038542813824805, 0.5952493403049905], 'bath': [0.0, 0.0, 0.0, 0.0, 0.0, 0.0, 0.0, 0.0, 0.0, 0.0, 0.0, 0.0, 0.0, 0.0, 0.0, 0.0, 0.0, 0.0, 0.0, 0.0, 0.0, 0.0, 0.0, 0.0], 'shower': [0.0, 0.0, 0.0, 0.0, 0.0, 0.0, 0.0, 0.0, 44.021565806709425, 19.54875954407184, 0.0, 0.0, 0.0, 0.0, 0.0, 0.0, 0.0, 24.060685974853605, 0.0, 0.0, 0.0, 0.0, 0.0, 0.0], 'actors': 4.0, 'washing_machine': [0.0, 0.0, 0.0, 0.0, 0.0, 0.0, 0.0, 0.0, 0.0, 0.0, 0.0, 0.0, 130.0, 0.0, 0.0, 0.0, 0.0, 0.0, 0.0, 0.0, 0.0, 0.0, 0.0, 0.0], 'dish_washer': [0.0, 0.0, 0.0, 0.0, 0.0, 0.0, 0.0, 0.0, 0.0, 0.0, 0.0, 0.0, 0.0, 0.0, 0.0, 0.0, 0.0, 0.0, 0.0, 0.0, 0.0, 0.0, 18.0, 0.0]}"
R35,"{'toilet': [0.0, 0.0, 0.0, 0.0, 0.0, 0.0, 0.0, 0.0, 0.0, 3.384155461617085, 0.0, 0.0, 0.0, 0.0, 5.056666700321937, 0.0, 0.0, 0.0, 0.0, 0.0, 0.0, 0.0, 0.0, 0.0], 'tap': [1.4486327316247263, 0.014747809901971956, 0.0, 0.20631398616734822, 0.0, 0.4574855888739009, 0.8711619123982974, 1.1106437584514492, 2.1505309233831347, 2.5024625866303816, 3.09060600805385, 2.413832405660372, 1.6666576778173676, 1.5601860609661655, 1.1471045689523391, 0.5426828665322785, 1.2954506162815358, 0.6799308239734052, 2.377488257357019, 2.8708392314353524, 1.8091205501567187, 1.3613764254995202, 1.381213000231495, 1.04817007299], 'bath': [0.0, 0.0, 0.0, 0.0, 0.0, 0.0, 0.0, 0.0, 0.0, 0.0, 0.0, 0.0, 0.0, 0.0, 0.0, 0.0, 0.0, 0.0, 0.0, 0.0, 0.0, 0.0, 0.0, 0.0], 'shower': [0.0, 0.0, 0.0, 0.0, 0.0, 0.0, 0.0, 58.51170577168808, 0.0, 0.0, 0.0, 0.0, 0.0, 0.0, 0.0, 0.0, 0.0, 0.0, 0.0, 0.0, 0.0, 0.0, 0.0, 0.0], 'actors': 1.0, 'washing_machine': [0.0, 0.0, 0.0, 0.0, 0.0, 0.0, 0.0, 0.0, 0.0, 0.0, 0.0, 0.0, 0.0, 0.0, 0.0, 0.0, 0.0, 0.0, 0.0, 0.0, 0.0, 0.0, 0.0, 0.0], 'dish_washer': [0.0, 0.0, 0.0, 0.0, 0.0, 0.0, 0.0, 0.0, 0.0, 0.0, 0.0, 0.0, 0.0, 0.0, 0.0, 0.0, 0.0, 0.0, 0.0, 0.0, 0.0, 0.0, 0.0, 0.0]}"
R36,"{'toilet': [11.852750268958367, 0.0, 0.0, 0.0, 0.0, 0.0, 0.0, 0.0, 0.0, 5.55622432412576, 0.0, 0.5122483806157672, 0.0, 0.0, 0.0, 0.0, 5.741283957145323, 2.122632739719204, 0.0, 4.53894588280665, 5.138144416396086, 3.57579231663919, 8.816454831559442, 0.0], 'tap': [3.346805267593483, 0.0, 0.0, 0.0, 0.0, 0.0, 0.7254217434683563, 5.671197414770087, 6.236679622418855, 2.7346918160640876, 5.922377440527445, 9.036653560926245, 2.040844316398678, 0.0, 2.9316656860401986, 1.0560014900689951, 0.0, 7.0710908310143195, 6.737292173033712, 4.547483710267226, 3.192538961778374, 4.393762969773294, 1.9380323195479807, 0.0], 'bath': [0.0, 0.0, 0.0, 0.0, 0.0, 0.0, 0.0, 0.0, 0.0, 0.0, 0.0, 0.0, 0.0, 0.0, 0.0, 0.0, 0.0, 0.0, 0.0, 0.0, 0.0, 0.0, 0.0, 0.0], 'shower': [0.0, 0.0, 0.0, 0.0, 0.0, 0.0, 0.0, 0.0, 0.0, 0.0, 0.0, 0.0, 43.86588297413144, 0.0, 0.0, 0.0, 0.0, 0.0, 0.0, 20.393502247860457, 0.0, 0.0, 0.0, 0.0], 'actors': 3.0, 'washing_machine': [0.0, 0.0, 0.0, 0.0, 0.0, 0.0, 0.0, 70.0, 0.0, 0.0, 0.0, 0.0, 0.0, 0.0, 0.0, 0.0, 0.0, 0.0, 0.0, 0.0, 0.0, 0.0, 0.0, 0.0], 'dish_washer': [0.0, 0.0, 0.0, 0.0, 0.0, 0.0, 0.0, 0.0, 0.0, 0.0, 0.0, 0.0, 0.0, 0.0, 0.0, 0.0, 0.0, 0.0, 0.0, 0.0, 0.0, 0.0, 0.0, 12.0]}"
R37,"{'toilet': [0.0, 2.681249674177936, 0.0, 0.0, 0.0, 0.0, 0.0, 0.0, 2.176611362030337, 0.0, 0.0, 0.0, 0.0, 0.0, 4.0695771191608685, 0.0, 0.0, 0.0, 0.0, 0.0, 0.0, 8.54424941980996, 0.0, 0.0], 'tap': [0.27050967805307424, 0.0, 0.0, 0.08143391561920606, 0.2648589345851337, 0.32910771782183723, 0.6436625984511173, 1.5702436853302066, 2.5455006133661944, 5.554869643087435, 3.167353350205038, 1.7000956439664783, 2.1265466938088418, 1.2067284241743028, 1.1756053653331704, 0.5969800660241691, 1.0107943671978883, 1.017229019908957, 1.4534730582308937, 1.234757620152333, 2.1990199772088266, 0.9513789212504951, 1.771051320194383, 1.1442927274428014], 'bath': [0.0, 0.0, 0.0, 0.0, 0.0, 0.0, 0.0, 0.0, 0.0, 0.0, 0.0, 0.0, 0.0, 0.0, 0.0, 0.0, 0.0, 0.0, 0.0, 0.0, 0.0, 0.0, 0.0, 0.0], 'shower': [0.0, 0.0, 0.0, 0.0, 0.0, 0.0, 0.0, 0.0, 0.0, 0.0, 0.0, 0.0, 0.0, 0.0, 0.0, 0.0, 0.0, 0.0, 0.0, 0.0, 0.0, 0.0, 0.0, 94.82021015477818], 'actors': 1.0, 'washing_machine': [0.0, 0.0, 0.0, 0.0, 0.0, 0.0, 0.0, 0.0, 0.0, 0.0, 0.0, 0.0, 0.0, 0.0, 0.0, 0.0, 0.0, 0.0, 0.0, 0.0, 0.0, 0.0, 0.0, 0.0], 'dish_washer': [0.0, 0.0, 0.0, 0.0, 0.0, 0.0, 0.0, 0.0, 0.0, 0.0, 0.0, 0.0, 0.0, 0.0, 0.0, 0.0, 0.0, 0.0, 0.0, 0.0, 0.0, 0.0, 0.0, 0.0]}"
R30,"{'toilet': [0.0, 3.842783155947915, 0.0, 0.0, 0.0, 0.0, 0.0, 0.0, 0.0, 5.118023927275981, 5.856199383381778, 0.0, 0.0, 4.116296642128543, 7.644727505869347, 0.26087063622481016, 0.0, 0.0, 0.0, 0.0, 0.0, 0.0, 7.263831367509433, 0.0], 'tap': [0.6434054165714921, 0.434512032188981, 0.15740242343923425, 0.0, 0.4762278118466213, 0.15144006099465926, 1.5217802487301577, 3.437683427940493, 3.3536307795537446, 8.572490605577837, 4.662088249837936, 1.5153348707036536, 2.442615664737532, 2.1360107135812227, 2.6210425061120537, 0.9536863366817563, 1.5679521785962272, 1.7051892655203384, 2.6424250849936453, 2.5822221777869947, 2.9488969735788935, 3.3685186458810135, 2.7993322709906807, 1.0435404703011288], 'bath': [0.0, 0.0, 0.0, 0.0, 0.0, 0.0, 0.0, 0.0, 0.0, 0.0, 0.0, 0.0, 0.0, 0.0, 0.0, 0.0, 0.0, 0.0, 0.0, 0.0, 0.0, 0.0, 0.0, 0.0], 'shower': [0.0, 0.0, 0.0, 0.0, 0.0, 0.0, 0.0, 0.0, 0.0, 0.0, 0.0, 0.0, 0.0, 0.0, 0.0, 0.0, 0.0, 0.0, 0.0, 0.0, 0.0, 0.0, 0.0, 0.0], 'actors': 2.0, 'washing_machine': [0.0, 0.0, 0.0, 0.0, 0.0, 0.0, 0.0, 0.0, 0.0, 0.0, 0.0, 0.0, 0.0, 0.0, 0.0, 0.0, 50.0, 0.0, 0.0, 0.0, 0.0, 0.0, 0.0, 0.0], 'dish_washer': [0.0, 0.0, 0.0, 0.0, 0.0, 0.0, 15.0, 0.0, 0.0, 0.0, 0.0, 0.0, 0.0, 0.0, 0.0, 0.0, 0.0, 0.0, 0.0, 0.0, 0.0, 0.0, 0.0, 0.0]}"
R31,"{'toilet': [0.0, 0.0, 0.0, 0.0, 0.0, 0.0, 0.0, 0.0, 0.0, 0.0, 3.8255158750626395, 0.0, 0.0, 0.0, 0.0, 0.0, 0.0, 0.0, 0.0, 0.0, 0.0, 0.0, 0.0, 0.0], 'tap': [3.533418881682455, 0.1402603574470071, 0.5708239472520225, 0.0, 0.0, 0.0, 0.0, 2.0584258258397683, 1.0151004200273668, 3.7238869962487144, 1.4750275195336735, 1.3394092614184898, 2.014989659874354, 0.0, 1.1443476621339221, 0.0, 0.5676761086593765, 4.353509016335593, 0.0, 6.643202983599916, 3.130386297373823, 0.0, 0.0, 0.4997156596087748], 'bath': [0.0, 0.0, 0.0, 0.0, 0.0, 0.0, 0.0, 0.0, 0.0, 0.0, 0.0, 0.0, 0.0, 0.0, 0.0, 0.0, 0.0, 0.0, 0.0, 0.0, 0.0, 0.0, 0.0, 0.0], 'shower': [0.0, 0.0, 0.0, 0.0, 0.0, 0.0, 0.0, 0.0, 0.0, 0.0, 0.0, 0.0, 0.0, 0.0, 0.0, 0.0, 0.0, 0.0, 0.0, 35.59122053976807, 0.0, 0.0, 0.0, 0.0], 'actors': 1.0, 'washing_machine': [0.0, 0.0, 0.0, 0.0, 0.0, 0.0, 0.0, 0.0, 0.0, 0.0, 0.0, 0.0, 0.0, 0.0, 0.0, 0.0, 0.0, 0.0, 0.0, 0.0, 0.0, 0.0, 0.0, 0.0], 'dish_washer': [0.0, 0.0, 0.0, 0.0, 0.0, 0.0, 0.0, 0.0, 0.0, 0.0, 0.0, 0.0, 0.0, 0.0, 0.0, 0.0, 0.0, 0.0, 0.0, 0.0, 0.0, 0.0, 0.0, 0.0]}"
R32,"{'toilet': [4.0124065490124945, 0.0, 0.0, 0.0, 0.0, 0.0, 0.0, 0.0, 16.03217577353944, 3.2872236228317773, 0.0, 0.0, 0.0, 4.650886391635539, 0.0, 0.0, 0.0, 0.0, 0.0, 8.28491471934818, 0.0, 0.0, 3.7179634457542807, 0.0], 'tap': [0.0, 0.0, 1.340140123788495, 0.0, 0.0, 0.0, 2.8764568919697893, 15.35223186316424, 0.2550093317419018, 0.39400334620746763, 4.9125852282384646, 0.0, 0.692514008918234, 3.419103352670149, 2.8772065511514984, 1.7069641193252119, 2.2378754409697885, 0.0, 0.9873033297047376, 4.232710379998508, 2.8081961210328488, 0.6865337748602417, 2.019264519224218, 5.102409176359471], 'bath': [0.0, 0.0, 0.0, 0.0, 0.0, 0.0, 0.0, 0.0, 0.0, 0.0, 0.0, 0.0, 0.0, 0.0, 0.0, 0.0, 0.0, 0.0, 0.0, 0.0, 0.0, 0.0, 0.0, 0.0], 'shower': [0.0, 0.0, 0.0, 0.0, 0.0, 0.0, 0.0, 0.0, 0.0, 0.0, 0.0, 0.0, 0.0, 0.0, 0.0, 0.0, 0.0, 0.0, 0.0, 0.0, 0.0, 0.0, 0.0, 0.0], 'actors': 2.0, 'washing_machine': [0.0, 0.0, 0.0, 0.0, 0.0, 0.0, 0.0, 0.0, 0.0, 0.0, 50.0, 0.0, 0.0, 0.0, 0.0, 0.0, 0.0, 0.0, 0.0, 0.0, 0.0, 0.0, 0.0, 0.0], 'dish_washer': [0.0, 0.0, 0.0, 0.0, 0.0, 0.0, 0.0, 0.0, 0.0, 0.0, 0.0, 0.0, 0.0, 0.0, 0.0, 0.0, 0.0, 0.0, 0.0, 0.0, 0.0, 0.0, 0.0, 0.0]}"
R33,"{'toilet': [0.0, 0.0, 0.0, 0.0, 0.0, 0.0, 0.0, 0.0, 0.0, 0.0, 10.33594597212125, 0.0, 0.0, 0.0, 0.0, 0.0, 0.0, 0.0, 4.309221341043941, 0.0, 0.0, 0.0, 0.0, 0.0], 'tap': [0.0, 0.0, 1.0131718413691095, 0.0, 0.46580994920172064, 0.5958663715089136, 0.0, 0.0, 2.868927560288795, 1.534909530959273, 3.894084951379639, 1.133151467571241, 1.4070871245777152, 1.882818603390016, 3.3527128200911376, 0.9424321902634383, 1.290896976741048, 1.8660084781446704, 0.6814432096450388, 3.664651602609525, 2.5232598633111194, 0.6010497779597401, 1.3050622361634414, 1.260594745781262], 'bath': [0.0, 0.0, 0.0, 0.0, 0.0, 0.0, 0.0, 0.0, 0.0, 0.0, 0.0, 0.0, 0.0, 0.0, 0.0, 0.0, 0.0, 0.0, 0.0, 0.0, 0.0, 0.0, 0.0, 0.0], 'shower': [0.0, 0.0, 0.0, 0.0, 0.0, 0.0, 0.0, 0.0, 25.992856665290052, 0.0, 0.0, 0.0, 0.0, 0.0, 0.0, 0.0, 0.0, 0.0, 0.0, 0.0, 0.0, 0.0, 0.0, 0.0], 'actors': 1.0, 'washing_machine': [0.0, 0.0, 0.0, 0.0, 0.0, 0.0, 0.0, 0.0, 0.0, 0.0, 0.0, 0.0, 0.0, 0.0, 0.0, 0.0, 0.0, 0.0, 0.0, 0.0, 0.0, 0.0, 0.0, 0.0], 'dish_washer': [0.0, 0.0, 0.0, 0.0, 0.0, 0.0, 0.0, 0.0, 0.0, 0.0, 0.0, 0.0, 0.0, 0.0, 0.0, 0.0, 0.0, 0.0, 0.0, 0.0, 0.0, 0.0, 0.0, 0.0]}"
R4,"{'toilet': [0.0, 0.0, 0.0, 0.0, 0.0, 0.0, 0.0, 0.0, 3.530623060193663, 0.0, 3.349685398392478, 5.115817869681362, 0.0, 6.451928476317058, 0.0, 0.0, 1.747673037451152, 0.0, 0.0, 3.828693931556094, 5.121837903938902, 0.0, 3.313122947829974, 0.0], 'tap': [0.0, 0.0, 0.0, 0.20286618068250933, 0.0, 0.0, 2.270887338041924, 1.606859793092176, 6.788419829067052, 10.29588158226592, 2.9143297602249767, 3.6580807908311415, 1.795374103394361, 1.4935052481894466, 2.4418346315104604, 2.214906543201792, 0.0, 7.488402461191827, 3.263767271443422, 6.163073014568937, 3.307358411808439, 5.231897839397726, 6.033101114138831, 0.7208808972962657], 'bath': [0.0, 0.0, 0.0, 0.0, 0.0, 0.0, 0.0, 0.0, 0.0, 0.0, 0.0, 0.0, 0.0, 0.0, 0.0, 0.0, 0.0, 0.0, 0.0, 0.0, 0.0, 0.0, 0.0, 0.0], 'shower': [0.0, 0.0, 40.82928264882789, 0.0, 0.0, 0.0, 0.0, 0.0, 0.0, 0.0, 0.0, 0.0, 0.0, 8.558380379148232, 0.0, 0.0, 0.0, 0.0, 0.0, 0.0, 0.0, 0.0, 0.0, 0.0], 'actors': 3.0, 'washing_machine': [0.0, 0.0, 0.0, 0.0, 0.0, 0.0, 0.0, 0.0, 0.0, 0.0, 170.0, 0.0, 0.0, 0.0, 0.0, 0.0, 0.0, 0.0, 0.0, 0.0, 0.0, 0.0, 0.0, 0.0], 'dish_washer': [0.0, 0.0, 0.0, 0.0, 0.0, 0.0, 0.0, 0.0, 21.0, 0.0, 0.0, 0.0, 0.0, 0.0, 0.0, 0.0, 0.0, 0.0, 0.0, 0.0, 0.0, 0.0, 0.0, 0.0]}"
R5,"{'toilet': [0.0, 0.0, 0.0, 0.0, 0.0, 0.0, 0.0, 12.867652022684114, 0.0, 2.708419905307765, 12.758633032539645, 0.0, 0.0, 0.0, 5.758568687541572, 0.0, 4.427400943378143, 0.0, 0.0, 6.757098591468662, 0.0, 0.0, 0.0, 0.0], 'tap': [0.9071054993373108, 0.1727885752462852, 0.24745596454042978, 0.19755268031947193, 0.0, 0.26367775219025186, 1.3033715117523337, 2.1411568725937493, 3.7118018981386256, 5.613913095189218, 4.065858266810451, 3.6646979700670443, 2.9793024658632685, 1.7564932963958424, 1.9200555244983841, 1.4989564657027703, 1.520718852353731, 2.9201947867631874, 3.5641414765828743, 3.9775623149690778, 2.753899572496514, 2.6542675830722997, 2.1608104914046002, 1.8281126326753274], 'bath': [0.0, 0.0, 0.0, 0.0, 0.0, 0.0, 0.0, 0.0, 0.0, 0.0, 0.0, 0.0, 0.0, 0.0, 0.0, 0.0, 0.0, 0.0, 0.0, 0.0, 0.0, 0.0, 0.0, 0.0], 'shower': [0.0, 0.0, 0.0, 0.0, 0.0, 0.0, 0.0, 0.0, 0.0, 0.0, 0.0, 0.0, 0.0, 0.0, 0.0, 0.0, 0.0, 23.48696132272944, 0.0, 0.0, 0.0, 0.0, 0.0, 0.0], 'actors': 2.0, 'washing_machine': [0.0, 0.0, 0.0, 0.0, 0.0, 0.0, 0.0, 0.0, 0.0, 0.0, 0.0, 0.0, 0.0, 0.0, 0.0, 0.0, 0.0, 0.0, 0.0, 0.0, 0.0, 0.0, 0.0, 0.0], 'dish_washer': [0.0, 0.0, 0.0, 0.0, 0.0, 0.0, 0.0, 0.0, 0.0, 0.0, 0.0, 0.0, 0.0, 0.0, 0.0, 0.0, 0.0, 0.0, 0.0, 0.0, 0.0, 0.0, 0.0, 0.0]}"
R6,"{'toilet': [0.0, 0.0, 0.0, 0.0, 0.0, 0.0, 0.0, 0.0, 0.0, 4.425879922051646, 8.21201746135693, 0.0, 7.83070530336773, 3.8281761331747552, 0.0, 0.0, 0.0, 0.0, 4.844604794086077, 0.0, 0.0, 0.0, 0.0, 0.0], 'tap': [0.7627148248889752, 0.2231955775798917, 0.5229110972917174, 0.0, 0.0, 0.1851633002828641, 0.5895213613419116, 0.0, 0.9154077421596469, 4.544789793523481, 1.9368009447936363, 3.3576557429444955, 2.9722075083215884, 0.5868201109475863, 1.564125942410609, 0.31793528895841616, 0.5970024280850776, 0.8649768335556907, 3.0349232607700705, 2.1975636351881795, 1.2835971276975726, 1.3650894023172302, 0.7972752072362657, 3.4195181711198237], 'bath': [0.0, 0.0, 0.0, 0.0, 0.0, 0.0, 0.0, 0.0, 0.0, 0.0, 0.0, 0.0, 0.0, 0.0, 0.0, 0.0, 0.0, 0.0, 0.0, 0.0, 0.0, 0.0, 0.0, 0.0], 'shower': [0.0, 0.0, 0.0, 0.0, 0.0, 0.0, 0.0, 0.0, 0.0, 0.0, 78.1125062704151, 0.0, 0.0, 0.0, 0.0, 0.0, 0.0, 0.0, 0.0, 0.0, 0.0, 0.0, 0.0, 0.0], 'actors': 1.0, 'washing_machine': [0.0, 0.0, 0.0, 0.0, 0.0, 0.0, 0.0, 0.0, 0.0, 0.0, 0.0, 0.0, 0.0, 0.0, 0.0, 0.0, 0.0, 0.0, 0.0, 0.0, 0.0, 0.0, 0.0, 0.0], 'dish_washer': [0.0, 0.0, 0.0, 0.0, 0.0, 0.0, 0.0, 0.0, 0.0, 0.0, 0.0, 0.0, 0.0, 0.0, 0.0, 0.0, 0.0, 0.0, 0.0, 0.0, 0.0, 0.0, 0.0, 0.0]}"
R7,"{'toilet': [4.782090448152201, 0.0, 0.0, 0.0, 0.0, 0.0, 0.0, 0.0, 0.0, 0.0, 0.0, 0.0, 0.0, 0.0, 0.0, 0.0, 5.220200815285335, 0.0, 10.233783931769414, 5.506112484083945, 0.0, 0.0, 0.0, 0.0], 'tap': [0.10063329472440873, 1.1080771219656813, 0.19774100289779178, 0.07857048890673478, 0.0, 0.5002145823626266, 0.32184200602027635, 0.9438519772552586, 3.038106363867993, 2.615169703217082, 2.8319086683916344, 1.5613586248509688, 1.8132891543048943, 2.245678455180635, 1.4459055097022762, 0.8075102419316134, 1.635059206468483, 0.6261999911472789, 2.135397354279627, 1.072822870243992, 2.0238888441457985, 1.2013141783803962, 1.5078177467988638, 2.1162424351168134], 'bath': [0.0, 0.0, 0.0, 0.0, 0.0, 0.0, 0.0, 0.0, 0.0, 0.0, 0.0, 0.0, 0.0, 0.0, 0.0, 0.0, 0.0, 0.0, 0.0, 0.0, 0.0, 0.0, 0.0, 0.0], 'shower': [0.0, 0.0, 0.0, 0.0, 0.0, 0.0, 0.0, 0.0, 0.0, 0.0, 0.0, 0.0, 0.0, 0.0, 0.0, 0.0, 0.0, 0.0, 0.0, 0.0, 0.0, 0.0, 0.0, 0.0], 'actors': 1.0, 'washing_machine': [0.0, 0.0, 0.0, 0.0, 0.0, 0.0, 0.0, 0.0, 0.0, 0.0, 0.0, 0.0, 0.0, 0.0, 0.0, 0.0, 0.0, 0.0, 0.0, 90.0, 0.0, 0.0, 0.0, 0.0], 'dish_washer': [0.0, 0.0, 0.0, 0.0, 0.0, 0.0, 0.0, 0.0, 0.0, 0.0, 0.0, 0.0, 0.0, 0.0, 0.0, 0.0, 0.0, 0.0, 0.0, 0.0, 0.0, 0.0, 0.0, 0.0]}"
R1,"{'toilet': [8.404385487201852, 0.0, 0.0, 0.0, 0.0, 0.0, 0.0, 0.0, 0.0, 0.0, 11.078690664592667, 15.627432778766474, 0.0, 0.0, 6.7546755744777265, 0.0, 8.619404529089238, 3.7724898870169885, 0.0, 5.10417099887128, 0.0, 0.0, 0.0, 0.0], 'tap': [1.6409724730332549, 0.6951735759247522, 0.0, 0.43466746098314524, 0.32656095282461295, 0.5074175485128131, 1.395839892011228, 2.216360874446237, 6.261864141280162, 7.017266194601778, 3.194465893108976, 5.185197046494436, 2.826755171478842, 2.894056412464619, 3.1192531945751663, 0.9329043926232955, 2.511856279533264, 2.1705731626948426, 6.237090191502234, 2.6535736471026077, 5.629484181317291, 4.346116003565969, 3.1021344676776508, 1.9908988397282534], 'bath': [0.0, 0.0, 0.0, 0.0, 0.0, 0.0, 0.0, 0.0, 0.0, 0.0, 0.0, 0.0, 0.0, 0.0, 0.0, 0.0, 0.0, 0.0, 0.0, 0.0, 0.0, 0.0, 0.0, 0.0], 'shower': [0.0, 0.0, 0.0, 0.0, 0.0, 0.0, 0.0, 0.0, 0.0, 0.0, 0.0, 0.0, 0.0, 0.0, 0.0, 0.0, 0.0, 0.0, 108.6411192171129, 0.0, 0.0, 0.0, 0.0, 0.0], 'actors': 3.0, 'washing_machine': [0.0, 0.0, 0.0, 0.0, 0.0, 0.0, 0.0, 0.0, 0.0, 0.0, 0.0, 0.0, 0.0, 0.0, 0.0, 0.0, 0.0, 0.0, 90.0, 0.0, 0.0, 0.0, 0.0, 0.0], 'dish_washer': [0.0, 0.0, 0.0, 0.0, 0.0, 0.0, 0.0, 0.0, 0.0, 0.0, 0.0, 0.0, 0.0, 0.0, 0.0, 0.0, 0.0, 0.0, 0.0, 0.0, 0.0, 0.0, 0.0, 0.0]}"
R2,"{'toilet': [0.0, 0.0, 0.0, 0.0, 0.0, 0.0, 0.0, 0.0, 12.645608438828594, 0.0, 0.0, 3.7954048822341804, 0.0, 0.0, 0.0, 0.0, 0.0, 0.0, 0.0, 0.0, 0.0, 0.0, 0.0, 0.0], 'tap': [0.0, 6.155758698453669, 0.0, 0.0, 0.0, 0.0, 0.0, 0.0, 11.988280109853978, 0.9630092688200155, 1.6855440454258335, 0.9601162154930373, 0.0, 0.0, 0.0, 0.0, 2.4785066951265073, 2.1877758999812285, 4.023580868017675, 3.749380487777869, 17.43090077456175, 1.1352013867705584, 0.6988413760022231, 2.591440748553559], 'bath': [0.0, 0.0, 0.0, 0.0, 0.0, 0.0, 0.0, 0.0, 0.0, 0.0, 0.0, 0.0, 0.0, 0.0, 0.0, 0.0, 0.0, 0.0, 0.0, 0.0, 0.0, 0.0, 0.0, 0.0], 'shower': [0.0, 0.0, 10.523160793979065, 0.0, 0.0, 0.0, 0.0, 0.0, 0.0, 0.0, 0.0, 0.0, 22.034533638967208, 0.0, 0.0, 0.0, 0.0, 0.0, 0.0, 0.0, 0.0, 0.0, 0.0, 0.0], 'actors': 2.0, 'washing_machine': [0.0, 0.0, 0.0, 0.0, 0.0, 0.0, 0.0, 0.0, 0.0, 0.0, 0.0, 0.0, 0.0, 0.0, 0.0, 0.0, 0.0, 0.0, 0.0, 0.0, 0.0, 0.0, 0.0, 0.0], 'dish_washer': [0.0, 0.0, 0.0, 0.0, 0.0, 0.0, 0.0, 0.0, 0.0, 0.0, 0.0, 0.0, 0.0, 0.0, 0.0, 0.0, 0.0, 0.0, 0.0, 0.0, 0.0, 0.0, 0.0, 0.0]}"
R3,"{'toilet': [0.0, 0.0, 0.0, 0.0, 0.0, 0.0, 0.0, 0.0, 3.1338557639062183, 0.0, 0.0, 0.0, 0.0, 0.0, 4.616870776666675, 0.0, 0.0, 0.0, 0.0, 5.276891449420512, 0.0, 0.0, 3.4468077989495804, 0.0], 'tap': [0.541114474624638, 0.1165510341781173, 0.41265102388379504, 0.30848151196197193, 0.08745726151777922, 0.15330390922608236, 0.47858631808295937, 1.4387798949670778, 3.0550374934672795, 2.325517633595517, 1.8407854911917834, 2.236190258873333, 1.5859130184545187, 1.3390421607505891, 0.8943565512174616, 1.2165833075172323, 0.809278707692559, 1.5061340945970814, 2.959353019503349, 1.669447459589504, 2.210005114308167, 2.256090308089705, 1.0007648143969137, 1.5536281555923928], 'bath': [0.0, 0.0, 0.0, 0.0, 0.0, 0.0, 0.0, 0.0, 0.0, 0.0, 0.0, 0.0, 0.0, 0.0, 0.0, 0.0, 0.0, 0.0, 0.0, 0.0, 0.0, 0.0, 0.0, 0.0], 'shower': [0.0, 0.0, 0.0, 0.0, 0.0, 0.0, 0.0, 0.0, 0.0, 0.0, 0.0, 0.0, 0.0, 0.0, 0.0, 0.0, 0.0, 0.0, 0.0, 0.0, 0.0, 0.0, 0.0, 0.0], 'actors': 1.0, 'washing_machine': [0.0, 0.0, 0.0, 0.0, 0.0, 0.0, 0.0, 0.0, 0.0, 0.0, 0.0, 0.0, 0.0, 0.0, 0.0, 0.0, 0.0, 0.0, 0.0, 0.0, 0.0, 0.0, 110.0, 0.0], 'dish_washer': [0.0, 0.0, 0.0, 0.0, 0.0, 0.0, 0.0, 0.0, 0.0, 0.0, 0.0, 0.0, 0.0, 0.0, 0.0, 0.0, 0.0, 0.0, 0.0, 0.0, 0.0, 0.0, 0.0, 0.0]}"
R8,"{'toilet': [0.0, 0.0, 0.0, 0.0, 0.0, 0.0, 0.0, 0.0, 0.0, 0.0, 0.0, 4.2205528206652385, 3.0571985849945054, 0.0, 0.0, 0.0, 0.0, 0.0, 0.0, 0.0, 0.0, 0.0, 0.0, 2.296785319221473], 'tap': [0.9780799374641378, 0.9758150835733488, 0.4666486878588857, 0.5859416174698499, 0.0, 0.15362434649902362, 0.8228378092829625, 2.108261482591319, 3.5763103702576537, 6.137828052311366, 4.371095634388583, 2.3185082169791715, 2.4260801502029135, 1.6526920686684015, 1.1284071774182927, 1.995230971504602, 1.5449326800678762, 1.8558365444043379, 3.4650704069092466, 3.792392264339655, 4.635546214560013, 2.8293638708893174, 2.1016160360416394, 2.0313398583675792], 'bath': [0.0, 0.0, 0.0, 0.0, 0.0, 0.0, 0.0, 0.0, 0.0, 0.0, 0.0, 0.0, 0.0, 0.0, 0.0, 0.0, 0.0, 0.0, 0.0, 0.0, 0.0, 0.0, 0.0, 0.0], 'shower': [0.0, 0.0, 0.0, 0.0, 0.0, 0.0, 0.0, 0.0, 70.53044231964373, 0.0, 0.0, 0.0, 0.0, 0.0, 0.0, 0.0, 0.0, 0.0, 78.22369665438964, 0.0, 0.0, 0.0, 0.0, 0.0], 'actors': 2.0, 'washing_machine': [0.0, 0.0, 0.0, 0.0, 0.0, 0.0, 0.0, 0.0, 0.0, 0.0, 0.0, 0.0, 0.0, 0.0, 0.0, 0.0, 0.0, 0.0, 0.0, 0.0, 0.0, 0.0, 0.0, 0.0], 'dish_washer': [0.0, 0.0, 0.0, 0.0, 0.0, 0.0, 0.0, 0.0, 0.0, 0.0, 0.0, 0.0, 0.0, 0.0, 0.0, 0.0, 0.0, 0.0, 0.0, 0.0, 0.0, 0.0, 0.0, 0.0]}"
R9,"{'toilet': [0.0, 0.0, 0.0, 0.0, 0.0, 0.0, 0.0, 0.0, 17.570128651121955, 6.558796441968634, 3.4732363739994607, 5.49724635291571, 2.2414525443901785, 0.0, 0.0, 5.199015077575388, 0.0, 8.38324075351262, 6.386112598375808, 0.0, 0.0, 4.531374588087055, 0.0, 0.0], 'tap': [1.4254406780938247, 0.0, 0.5219132196870616, 0.0, 0.0, 0.02914890922400367, 0.2232630750011431, 2.3939946247880353, 6.893093997345796, 10.765585898112848, 5.723674524496907, 5.354514725895039, 2.61784992104092, 1.399906462238027, 1.8773706476081058, 1.9266145365126752, 1.955474285430708, 3.5697049137332324, 5.493282611776357, 3.6329814919917207, 5.777528346685298, 3.0679083826843536, 1.5231298674517046, 0.9516064465219968], 'bath': [0.0, 0.0, 0.0, 0.0, 0.0, 0.0, 0.0, 0.0, 0.0, 0.0, 0.0, 0.0, 0.0, 0.0, 120.0, 0.0, 0.0, 0.0, 0.0, 0.0, 0.0, 0.0, 0.0, 0.0], 'shower': [0.0, 0.0, 0.0, 0.0, 0.0, 0.0, 0.0, 0.0, 0.0, 0.0, 0.0, 0.0, 0.0, 0.0, 0.0, 0.0, 0.0, 0.0, 0.0, 28.272156510213975, 0.0, 125.38681269888914, 0.0, 0.0], 'actors': 3.0, 'washing_machine': [0.0, 0.0, 0.0, 0.0, 0.0, 0.0, 0.0, 0.0, 0.0, 0.0, 0.0, 0.0, 0.0, 0.0, 0.0, 0.0, 0.0, 0.0, 0.0, 0.0, 210.0, 0.0, 0.0, 0.0], 'dish_washer': [0.0, 0.0, 0.0, 0.0, 0.0, 0.0, 0.0, 0.0, 0.0, 0.0, 0.0, 0.0, 0.0, 0.0, 0.0, 0.0, 0.0, 0.0, 0.0, 0.0, 0.0, 0.0, 0.0, 0.0]}"
R40,"{'toilet': [0.0, 0.0, 0.0, 0.0, 0.0, 0.0, 0.0, 0.0, 0.0, 0.0, 6.662036597322211, 2.3809249468637814, 0.0, 5.4790297481259636, 0.0, 0.0, 0.0, 0.0, 0.0, 0.0, 0.0, 3.356089664390393, 26.009459203572206, 4.550796648228488], 'tap': [1.7722890727018665, 0.7111857975176105, 0.3631097321049219, 0.0, 0.04597126062650759, 0.01189160717155314, 1.5750485819121836, 2.8299542834450455, 3.7590012764745806, 5.383504351029943, 2.5783184298471444, 2.2192424598015545, 2.0321764508754487, 2.0328145383211975, 2.4366947826961876, 1.5563682808090564, 2.262612782291402, 1.796487394382474, 3.8363609551524744, 3.88294545159876, 3.19534752792728, 2.893150108666388, 2.426398658512163, 2.363331747483011], 'bath': [0.0, 0.0, 0.0, 0.0, 0.0, 0.0, 0.0, 0.0, 0.0, 0.0, 0.0, 0.0, 0.0, 0.0, 0.0, 0.0, 0.0, 0.0, 0.0, 0.0, 0.0, 0.0, 0.0, 0.0], 'shower': [0.0, 0.0, 0.0, 0.0, 0.0, 0.0, 0.0, 0.0, 0.0, 0.0, 0.0, 0.0, 0.0, 0.0, 0.0, 0.0, 0.0, 0.0, 0.0, 0.0, 0.0, 0.0, 0.0, 93.22662864721477], 'actors': 2.0, 'washing_machine': [0.0, 0.0, 0.0, 0.0, 0.0, 0.0, 0.0, 0.0, 0.0, 0.0, 0.0, 0.0, 0.0, 0.0, 0.0, 0.0, 0.0, 0.0, 0.0, 0.0, 0.0, 0.0, 0.0, 0.0], 'dish_washer': [0.0, 0.0, 0.0, 0.0, 0.0, 0.0, 0.0, 0.0, 0.0, 0.0, 0.0, 0.0, 0.0, 0.0, 0.0, 0.0, 0.0, 0.0, 0.0, 0.0, 0.0, 0.0, 0.0, 0.0]}"
R29,"{'toilet': [0.0, 0.0, 0.0, 0.0, 0.0, 0.0, 0.0, 0.0, 0.0, 4.6284227338140775, 4.759356763408262, 0.0, 0.0, 0.0, 0.0, 10.823195052692618, 0.0, 0.0, 0.0, 5.123714131209072, 0.0, 6.628442435177404, 0.0, 0.0], 'tap': [0.0, 0.0, 0.0, 0.0, 0.0, 0.0, 0.0, 0.0, 3.9909869540308347, 9.607730343159712, 7.724252950131996, 5.575028183894755, 5.2059770958739024, 0.7062723285523945, 2.196502081970614, 0.26144205998810666, 3.2678370747126575, 0.0, 1.1590532201628567, 4.817574453006673, 0.9890734183230669, 5.039679996051109, 0.5140514613597759, 1.1486545092661007], 'bath': [0.0, 0.0, 0.0, 0.0, 0.0, 0.0, 0.0, 0.0, 0.0, 0.0, 0.0, 0.0, 0.0, 0.0, 0.0, 0.0, 0.0, 0.0, 0.0, 0.0, 0.0, 0.0, 0.0, 0.0], 'shower': [0.0, 0.0, 0.0, 0.0, 0.0, 0.0, 0.0, 0.0, 0.0, 0.0, 0.0, 0.0, 0.0, 0.0, 0.0, 0.0, 0.0, 0.0, 0.0, 0.0, 0.0, 0.0, 0.0, 0.0], 'actors': 2.0, 'washing_machine': [0.0, 0.0, 0.0, 0.0, 0.0, 0.0, 0.0, 0.0, 0.0, 0.0, 0.0, 0.0, 0.0, 0.0, 0.0, 0.0, 0.0, 0.0, 0.0, 0.0, 0.0, 0.0, 0.0, 0.0], 'dish_washer': [0.0, 0.0, 0.0, 0.0, 0.0, 0.0, 0.0, 0.0, 0.0, 0.0, 12.0, 0.0, 0.0, 0.0, 0.0, 0.0, 0.0, 0.0, 0.0, 0.0, 0.0, 0.0, 0.0, 0.0]}"
R28,"{'toilet': [0.0, 0.0, 3.412255763644541, 0.0, 0.0, 0.0, 0.0, 0.0, 0.0, 9.438661039877285, 0.0, 0.0, 0.0, 0.0, 0.0, 0.0, 0.0, 0.0, 0.0, 0.0, 0.0, 0.0, 0.0, 4.646793685314888], 'tap': [0.49675350381943495, 0.0, 0.0, 0.20438086940577152, 0.0, 0.0, 6.342340923008677, 1.4644763740677202, 4.307989138968324, 6.080405110927462, 3.9175321619860015, 1.3826070180139787, 1.100341721837808, 3.190405859977064, 1.1518503603734476, 4.549260713014864, 1.0697776711540858, 0.5695122013314892, 3.6305037467797545, 2.9966442377836313, 3.1164919046909567, 0.6827523747312655, 2.9892983655819223, 3.250794077956982], 'bath': [0.0, 0.0, 0.0, 0.0, 0.0, 0.0, 0.0, 0.0, 0.0, 0.0, 0.0, 0.0, 0.0, 0.0, 0.0, 0.0, 0.0, 0.0, 0.0, 0.0, 0.0, 0.0, 0.0, 0.0], 'shower': [0.0, 0.0, 0.0, 0.0, 0.0, 0.0, 0.0, 0.0, 0.0, 0.0, 0.0, 0.0, 0.0, 0.0, 137.79641600338195, 0.0, 0.0, 0.0, 0.0, 0.0, 0.0, 0.0, 0.0, 0.0], 'actors': 2.0, 'washing_machine': [0.0, 0.0, 0.0, 0.0, 0.0, 0.0, 0.0, 0.0, 0.0, 0.0, 0.0, 0.0, 0.0, 0.0, 0.0, 0.0, 0.0, 0.0, 0.0, 0.0, 0.0, 0.0, 0.0, 0.0], 'dish_washer': [0.0, 0.0, 0.0, 0.0, 0.0, 0.0, 0.0, 0.0, 0.0, 33.0, 0.0, 0.0, 0.0, 0.0, 0.0, 0.0, 0.0, 0.0, 0.0, 0.0, 0.0, 0.0, 0.0, 0.0]}"
R27,"{'toilet': [4.22828404485811, 0.0, 0.0, 0.0, 0.0, 6.444503269094468, 0.0, 6.547128265735713, 0.0, 4.530408004260382, 3.3351872428349405, 0.0, 3.890212959122656, 0.0, 0.0, 13.672991354580684, 4.338194553899754, 8.330582982557337, 0.0, 9.304724284529138, 3.0976203469087626, 8.507075740007375, 0.0, 0.0], 'tap': [1.479891772253714, 0.8855052892369589, 0.2126946935523757, 0.00421704095005168, 0.14070667542476292, 0.4328245591502027, 1.8515351632812358, 2.7671961755822783, 6.194633607222909, 8.21338004905874, 6.5195655082195305, 6.4044263760034665, 5.010986941021279, 3.9414770187633055, 2.3434553967459784, 2.564400270517899, 3.153869097954589, 3.946201811114041, 4.706762340783442, 5.064910624665305, 4.525561759873693, 2.200883198030415, 3.679285418081627, 3.3884123871292093], 'bath': [0.0, 0.0, 0.0, 0.0, 0.0, 0.0, 0.0, 0.0, 0.0, 0.0, 0.0, 0.0, 0.0, 0.0, 0.0, 0.0, 0.0, 0.0, 0.0, 0.0, 0.0, 0.0, 0.0, 0.0], 'shower': [0.0, 0.0, 0.0, 0.0, 0.0, 0.0, 0.0, 0.0, 0.0, 0.0, 0.0, 0.0, 109.51680887398255, 0.0, 0.0, 0.0, 0.0, 0.0, 0.0, 49.71809069628709, 0.0, 0.0, 69.89865692332533, 0.0], 'actors': 4.0, 'washing_machine': [0.0, 0.0, 0.0, 0.0, 0.0, 0.0, 0.0, 0.0, 0.0, 0.0, 0.0, 0.0, 0.0, 130.0, 0.0, 0.0, 0.0, 0.0, 0.0, 0.0, 0.0, 0.0, 0.0, 0.0], 'dish_washer': [0.0, 0.0, 0.0, 0.0, 0.0, 0.0, 0.0, 0.0, 0.0, 0.0, 0.0, 0.0, 0.0, 0.0, 0.0, 0.0, 0.0, 0.0, 0.0, 0.0, 0.0, 0.0, 0.0, 0.0]}"
R26,"{'toilet': [0.0, 0.0, 0.0, 0.0, 0.0, 0.0, 0.0, 5.8687840191761, 0.0, 11.05189035349652, 5.01487308388099, 11.266012729137447, 9.611113815334155, 0.0, 0.0, 3.0410139322331977, 8.926446851510162, 0.0, 10.057007487745057, 17.187889067314813, 12.403375227108954, 0.0, 10.157940825374423, 0.0], 'tap': [0.6075307957612057, 0.07990302668525388, 0.0, 0.0, 0.42888882006753876, 0.11257036052990174, 1.8486118444293025, 1.3608791416535602, 5.4183964808549065, 7.324377134715278, 5.536537146560684, 4.094664568689622, 5.985319138237194, 3.4243532477087446, 2.5231339674861633, 1.498227711881826, 2.106767116610207, 2.88698131261269, 3.668656198102996, 3.2480165017084124, 4.5995657912424885, 3.8578295269933833, 2.7774097456162634, 3.8086032809215062], 'bath': [0.0, 0.0, 0.0, 0.0, 0.0, 0.0, 0.0, 0.0, 0.0, 0.0, 0.0, 0.0, 0.0, 0.0, 0.0, 0.0, 0.0, 0.0, 0.0, 0.0, 0.0, 0.0, 0.0, 0.0], 'shower': [0.0, 0.0, 0.0, 0.0, 0.0, 0.0, 0.0, 0.0, 0.0, 0.0, 52.85455637575533, 0.0, 0.0, 0.0, 0.0, 48.33961048737793, 0.0, 0.0, 0.0, 54.6846678360249, 0.0, 0.0, 0.0, 0.0], 'actors': 3.0, 'washing_machine': [0.0, 0.0, 0.0, 0.0, 0.0, 0.0, 0.0, 0.0, 0.0, 0.0, 0.0, 0.0, 0.0, 0.0, 0.0, 0.0, 0.0, 0.0, 0.0, 0.0, 0.0, 0.0, 0.0, 0.0], 'dish_washer': [0.0, 0.0, 0.0, 0.0, 0.0, 0.0, 0.0, 0.0, 0.0, 0.0, 0.0, 0.0, 0.0, 0.0, 0.0, 0.0, 0.0, 0.0, 0.0, 0.0, 0.0, 0.0, 0.0, 0.0]}"
R25,"{'toilet': [0.0, 0.0, 0.0, 0.0, 0.0, 0.0, 0.0, 0.0, 0.0, 0.0, 7.664741617893521, 0.0, 0.0, 0.0, 0.0, 5.073809774696777, 7.750517196049743, 0.0, 0.0, 9.639435722498627, 0.0, 0.0, 0.0, 0.0], 'tap': [0.47042242949218366, 0.0, 0.0, 0.0, 0.0, 0.0, 0.2024712545534367, 6.096425458176049, 0.0, 2.091867725586798, 2.019177106286727, 0.0, 0.0, 0.18968964237422328, 4.242323164561834, 0.0, 0.0, 0.8970696316421531, 1.833385430516193, 5.326381301230715, 2.3177432467708328, 1.5016430035477124, 0.0, 6.652241237075588], 'bath': [0.0, 0.0, 0.0, 0.0, 0.0, 0.0, 0.0, 0.0, 0.0, 0.0, 0.0, 0.0, 0.0, 0.0, 0.0, 0.0, 0.0, 0.0, 0.0, 0.0, 0.0, 0.0, 0.0, 0.0], 'shower': [0.0, 0.0, 0.0, 0.0, 0.0, 0.0, 0.0, 0.0, 0.0, 0.0, 0.0, 0.0, 0.0, 0.0, 0.0, 0.0, 0.0, 52.62414731145056, 0.0, 0.0, 0.0, 0.0, 0.0, 0.0], 'actors': 1.0, 'washing_machine': [0.0, 0.0, 0.0, 0.0, 0.0, 0.0, 0.0, 0.0, 0.0, 0.0, 0.0, 0.0, 0.0, 0.0, 0.0, 0.0, 0.0, 110.0, 0.0, 0.0, 0.0, 0.0, 0.0, 0.0], 'dish_washer': [0.0, 0.0, 0.0, 0.0, 0.0, 0.0, 0.0, 0.0, 15.0, 0.0, 0.0, 0.0, 0.0, 0.0, 0.0, 0.0, 0.0, 0.0, 0.0, 0.0, 0.0, 0.0, 0.0, 0.0]}"
R24,"{'toilet': [0.0, 0.0, 0.0, 0.0, 0.0, 0.0, 0.0, 2.352258396820813, 11.099160746547234, 17.279695798920613, 4.564247422665769, 0.0, 14.285683088663022, 0.0, 0.0, 0.0, 0.0, 4.8762035271114925, 4.271688554690631, 11.610623653143431, 7.581464452645193, 7.138554845587886, 0.0, 4.018016474120769], 'tap': [3.59750855912648, 1.1340025480026987, 0.0, 0.0, 0.4216936721873545, 0.0, 1.5425195044870093, 2.714408515618223, 6.371011689240331, 11.952719166580472, 5.943589982217814, 3.979838201318821, 2.384206229836394, 1.868435994882677, 1.6896528927031438, 5.092875303105776, 2.0122793036800957, 4.410056019382138, 1.5990742966670493, 3.945233108546211, 1.3963195220088553, 6.452072226055054, 6.065488214789569, 5.259051602909401], 'bath': [0.0, 0.0, 0.0, 0.0, 0.0, 0.0, 0.0, 0.0, 0.0, 0.0, 0.0, 0.0, 0.0, 0.0, 0.0, 0.0, 0.0, 0.0, 0.0, 0.0, 0.0, 0.0, 0.0, 0.0], 'shower': [0.0, 0.0, 0.0, 0.0, 0.0, 0.0, 141.82788765356852, 0.0, 0.0, 0.0, 0.0, 0.0, 0.0, 0.0, 0.0, 0.0, 0.0, 0.0, 0.0, 0.0, 0.0, 0.0, 40.432561985276784, 0.0], 'actors': 4.0, 'washing_machine': [0.0, 0.0, 0.0, 0.0, 0.0, 0.0, 0.0, 0.0, 0.0, 0.0, 0.0, 0.0, 0.0, 0.0, 0.0, 0.0, 0.0, 0.0, 0.0, 0.0, 0.0, 0.0, 0.0, 0.0], 'dish_washer': [0.0, 0.0, 0.0, 0.0, 0.0, 0.0, 0.0, 0.0, 0.0, 0.0, 0.0, 0.0, 0.0, 0.0, 0.0, 0.0, 0.0, 0.0, 0.0, 0.0, 0.0, 0.0, 0.0, 0.0]}"
R23,"{'toilet': [0.0, 0.0, 0.0, 0.0, 0.0, 6.298737066378307, 0.0, 0.0, 8.002176141042133, 0.0, 5.27529645213162, 0.0, 0.0, 0.0, 0.0, 0.0, 9.327910545602322, 5.833613632219051, 0.0, 0.0, 0.0, 0.0, 0.0, 0.0], 'tap': [1.0050282874101235, 0.3462447680503509, 0.12466733136722456, 0.0, 0.1955895097448565, 0.0, 0.9329716708248532, 1.9511093051868806, 4.256470598978109, 6.669544358221962, 2.5847364347862314, 2.6170725589669352, 2.657994062057255, 2.1611358775620615, 2.563356840938969, 1.7694711782988448, 2.82197923764064, 2.5188710993970513, 1.9422333720546732, 4.743513125209556, 3.1178318545870924, 1.5200234259740886, 1.9224894135191846, 3.325395155240399], 'bath': [0.0, 0.0, 0.0, 0.0, 0.0, 0.0, 0.0, 0.0, 0.0, 0.0, 0.0, 0.0, 0.0, 0.0, 0.0, 0.0, 0.0, 0.0, 0.0, 0.0, 120.0, 0.0, 0.0, 0.0], 'shower': [0.0, 0.0, 0.0, 0.0, 0.0, 0.0, 0.0, 0.0, 0.0, 64.68360501362466, 0.0, 0.0, 0.0, 0.0, 0.0, 0.0, 0.0, 0.0, 0.0, 0.0, 0.0, 0.0, 0.0, 0.0], 'actors': 2.0, 'washing_machine': [0.0, 0.0, 0.0, 0.0, 0.0, 0.0, 0.0, 0.0, 0.0, 0.0, 0.0, 0.0, 0.0, 0.0, 0.0, 0.0, 0.0, 0.0, 0.0, 0.0, 0.0, 0.0, 0.0, 0.0], 'dish_washer': [0.0, 0.0, 0.0, 0.0, 0.0, 0.0, 0.0, 0.0, 0.0, 0.0, 0.0, 0.0, 0.0, 0.0, 0.0, 0.0, 0.0, 0.0, 0.0, 0.0, 0.0, 0.0, 0.0, 0.0]}"
R22,"{'toilet': [0.0, 0.0, 0.0, 0.0, 0.0, 0.0, 0.0, 3.131553545397826, 0.0, 0.0, 0.0, 4.593653206251993, 8.889207953960813, 12.759905570775212, 0.0, 0.0, 0.0, 0.0, 0.0, 0.0, 0.0, 5.483584875006675, 8.352076275824878, 4.544113646996618], 'tap': [0.9520238409438717, 0.15931213697363858, 0.0, 0.27094025647303144, 0.0, 0.0, 1.699757189191892, 1.797016464868128, 2.824825439699323, 7.257634566183146, 4.507753193694435, 5.288734939649753, 1.8730164673637417, 2.6674657258110184, 0.9080311110434723, 0.9464154327284777, 0.5077799600143423, 2.1066059980731726, 4.582508539685218, 1.4329857496491043, 6.642438591091151, 2.2574551302365946, 2.508670930816985, 0.7253971759916393], 'bath': [0.0, 120.0, 0.0, 0.0, 0.0, 0.0, 0.0, 0.0, 0.0, 0.0, 0.0, 0.0, 0.0, 0.0, 0.0, 0.0, 0.0, 0.0, 0.0, 0.0, 0.0, 0.0, 0.0, 0.0], 'shower': [0.0, 0.0, 0.0, 0.0, 0.0, 0.0, 0.0, 0.0, 0.0, 0.0, 0.0, 0.0, 0.0, 0.0, 0.0, 0.0, 0.0, 0.0, 37.76700063065598, 0.0, 0.0, 76.34660937907469, 0.0, 0.0], 'actors': 2.0, 'washing_machine': [0.0, 0.0, 0.0, 0.0, 0.0, 0.0, 0.0, 0.0, 0.0, 0.0, 0.0, 0.0, 0.0, 0.0, 0.0, 0.0, 0.0, 0.0, 70.0, 0.0, 0.0, 0.0, 0.0, 0.0], 'dish_washer': [0.0, 0.0, 0.0, 0.0, 0.0, 0.0, 0.0, 0.0, 0.0, 0.0, 0.0, 0.0, 0.0, 0.0, 0.0, 0.0, 0.0, 0.0, 12.0, 0.0, 0.0, 0.0, 0.0, 0.0]}"
R21,"{'toilet': [0.0, 0.0, 0.0, 0.0, 0.0, 6.455472037309424, 0.0, 3.514451284896145, 5.061762974545998, 3.0994291027015533, 8.628826250384186, 0.0, 0.0, 0.0, 0.0, 0.0, 3.089291532569625, 0.0, 3.285646169594455, 0.0, 0.0, 7.548014320315116, 0.0, 0.0], 'tap': [0.9517575275717621, 1.2604533083347569, 0.0, 0.0, 0.0, 0.0, 2.4766504997519156, 0.0, 3.730128209609126, 2.89646406444458, 12.238597679500659, 2.507759800746016, 2.022260952271743, 0.0, 0.7537171967948096, 5.719645913515108, 0.5071939180733368, 1.5332178751687655, 3.8822587466546388, 1.2964976039841705, 1.3373878255113398, 4.47570657054814, 2.6085533938210648, 2.257393825525802], 'bath': [0.0, 0.0, 0.0, 0.0, 0.0, 0.0, 0.0, 0.0, 0.0, 0.0, 0.0, 0.0, 0.0, 0.0, 0.0, 0.0, 0.0, 0.0, 0.0, 0.0, 0.0, 0.0, 0.0, 0.0], 'shower': [0.0, 0.0, 0.0, 0.0, 0.0, 0.0, 0.0, 0.0, 0.0, 0.0, 0.0, 0.0, 0.0, 0.0, 0.0, 0.0, 0.0, 0.0, 0.0, 0.0, 0.0, 0.0, 0.0, 0.0], 'actors': 2.0, 'washing_machine': [0.0, 0.0, 0.0, 0.0, 0.0, 0.0, 0.0, 0.0, 0.0, 0.0, 0.0, 0.0, 0.0, 0.0, 0.0, 0.0, 0.0, 0.0, 0.0, 0.0, 0.0, 0.0, 0.0, 0.0], 'dish_washer': [0.0, 0.0, 0.0, 0.0, 0.0, 0.0, 0.0, 0.0, 0.0, 0.0, 0.0, 0.0, 0.0, 0.0, 0.0, 0.0, 0.0, 0.0, 0.0, 0.0, 0.0, 0.0, 0.0, 0.0]}"
R20,"{'toilet': [0.0, 0.0, 0.0, 0.0, 0.0, 0.0, 0.0, 0.0, 0.0, 4.270750023579488, 0.0, 2.869289164682367, 0.0, 0.0, 2.5537502240515195, 3.6445314907734465, 0.0, 0.0, 0.0, 11.884779637189165, 11.33180240270088, 0.0, 0.0, 0.0], 'tap': [0.0, 0.0, 0.0, 0.0, 0.0, 7.25566165940582, 6.354272695039019, 0.4327102189022249, 5.4662367491077095, 0.0, 11.396320582896845, 0.0, 1.468443836694497, 2.1308561887048985, 5.83597227246217, 0.0, 0.0, 5.899138797176255, 10.585825497620185, 0.0, 2.5781791697896765, 0.0, 9.822466886120486, 0.0], 'bath': [0.0, 0.0, 0.0, 0.0, 0.0, 0.0, 0.0, 0.0, 0.0, 0.0, 0.0, 0.0, 0.0, 0.0, 0.0, 0.0, 0.0, 0.0, 0.0, 0.0, 0.0, 0.0, 0.0, 0.0], 'shower': [0.0, 0.0, 0.0, 0.0, 0.0, 0.0, 0.0, 0.0, 0.0, 0.0, 11.174099110276353, 0.0, 0.0, 0.0, 0.0, 0.0, 0.0, 46.562638503929655, 19.95354441966712, 0.0, 0.0, 0.0, 0.0, 0.0], 'actors': 3.0, 'washing_machine': [0.0, 0.0, 0.0, 0.0, 0.0, 0.0, 0.0, 0.0, 0.0, 0.0, 0.0, 0.0, 0.0, 0.0, 0.0, 0.0, 0.0, 0.0, 0.0, 0.0, 0.0, 0.0, 0.0, 0.0], 'dish_washer': [0.0, 0.0, 0.0, 0.0, 0.0, 0.0, 0.0, 0.0, 9.0, 0.0, 0.0, 0.0, 0.0, 0.0, 0.0, 0.0, 0.0, 0.0, 0.0, 0.0, 0.0, 0.0, 0.0, 0.0]}"
